id;status;id_user;identifier;cert_o;common_name;locality;country;lastname;firstname;email;phone;url;id_transaction;profil_cpm
1;COMPLETE;card Beauty Rubber;RSS;strategize instruction set parsing;Handcrafted EXE;Soft scale cross-media;Guernsey;transmitting brand;Mandatory;Erica_Paucek61@yahoo.com;1-119-507-8023 x454;http://virginie.biz;zero defect Extensions;envisioneer implementation online
2;TO_VALIDATE;Wooden Legacy;withdrawal;Buckinghamshire gold CSS;strategic connecting;encoding;Venezuela;Designer;Grocery customized;Ena42@yahoo.com;(415) 700-4731;https://savion.net;bypassing Indiana Alabama;mobile actuating
3;COMPLETE;RAM Centers;Small;bypassing;orchestration 1080p;Savings Account content SAS;Seychelles;e-services Money Market Account Rhode Island;Generic next-generation port;Delores_Jerde@hotmail.com;119.011.8829;http://jovany.biz;back up;Ball
4;TO_SIGN;Auto Loan Account;leading edge;Money Market Account paradigms;multi-byte synergies sensor;overriding;Comoros;Soap Automotive Chicken;Maine;Dell_Olson@hotmail.com;131-665-7194 x4503;http://gerson.net;ability withdrawal;Central copying
5;VALIDATE;Public-key Toys;Representative Islands Refined;Michigan Baby Cliffs;parse;connecting Tonga;Japan;virtual incubate;calculate;Marion80@hotmail.com;1-318-879-6731 x48883;https://zoey.info;Cameroon Bedfordshire;Alaska Uganda fresh-thinking
6;COMPLETE;Consultant;Incredible Soft Shoes fresh-thinking;Won;Functionality Arkansas;override;United States of America;infrastructures Gorgeous;Handmade Steel Pizza product interface;Kariane_Berge@yahoo.com;582-710-1090;http://granville.org;scalable Missouri Re-engineered;systems Interactions
7;COMPLETE;National;Cambridgeshire Fish Operations;bleeding-edge Incredible Fresh Soap;backing up;Florida Polarised;French Southern Territories;Global Checking Account Sports;end-to-end Wooden Grocery;Torrance.Renner57@gmail.com;966.630.1916 x38384;http://alanis.net;Multi-channelled Cambridgeshire methodologies;transmitting project HTTP
8;REJECTED;Director Practical;Home Kuwaiti Dinar;Guatemala;Investment Account Arkansas;workforce bleeding-edge CFP Franc;Paraguay;orange International Metal;alarm;Lionel73@hotmail.com;353-721-4276;https://brittany.net;cultivate;black
9;TO_VALIDATE;invoice Wooden;Investment Account olive New Mexico;deposit;cutting-edge;virtual SCSI;Micronesia;Incredible Concrete Keyboard bus;digital;Conor60@yahoo.com;195-811-9111;http://domingo.org;Mount Rubber Motorway;Cayman Islands Dollar generating Guyana Dollar
10;REJECTED;multi-byte;parse Central;Configurable Health;copying methodologies Credit Card Account;Borders cultivate;Congo;withdrawal Borders Square;International;Diamond.Hane55@gmail.com;649.262.1399 x32525;https://zula.org;Developer Shores;Tasty
